language,keyword,category,landing_url,final_url
"ru","Переезды","moves","/ads/ru/moving-services.html","https://hamal.rent/ads/ru/moving-services.html"
"ro","Mutări","moves","/ads/ro/moving-services.html","https://hamal.rent/ads/ro/moving-services.html"
"mo","Mutări","moves","/ads/mo/moving-services.html","https://hamal.rent/ads/mo/moving-services.html"
"en","Moving services","moves","/ads/en/moving-services.html","https://hamal.rent/ads/en/moving-services.html"
"ru","Квартирный переезд","moves","/ads/ru/apartment-moving.html","https://hamal.rent/ads/ru/apartment-moving.html"
"ro","Mutare apartament","moves","/ads/ro/apartment-moving.html","https://hamal.rent/ads/ro/apartment-moving.html"
"mo","Mutare apartament","moves","/ads/mo/apartment-moving.html","https://hamal.rent/ads/mo/apartment-moving.html"
"en","Apartment moving","moves","/ads/en/apartment-moving.html","https://hamal.rent/ads/en/apartment-moving.html"
"ru","Переезд частного дома","moves","/ads/ru/house-moving.html","https://hamal.rent/ads/ru/house-moving.html"
"ro","Mutare casă","moves","/ads/ro/house-moving.html","https://hamal.rent/ads/ro/house-moving.html"
"mo","Mutare casă","moves","/ads/mo/house-moving.html","https://hamal.rent/ads/mo/house-moving.html"
"en","House moving","moves","/ads/en/house-moving.html","https://hamal.rent/ads/en/house-moving.html"
"ru","Офисный переезд","moves","/ads/ru/office-moving.html","https://hamal.rent/ads/ru/office-moving.html"
"ro","Mutare birou","moves","/ads/ro/office-moving.html","https://hamal.rent/ads/ro/office-moving.html"
"mo","Mutare birou","moves","/ads/mo/office-moving.html","https://hamal.rent/ads/mo/office-moving.html"
"en","Office moving","moves","/ads/en/office-moving.html","https://hamal.rent/ads/en/office-moving.html"
"ru","Переезд склада","moves","/ads/ru/warehouse-moving.html","https://hamal.rent/ads/ru/warehouse-moving.html"
"ro","Mutare depozit","moves","/ads/ro/warehouse-moving.html","https://hamal.rent/ads/ro/warehouse-moving.html"
"mo","Mutare depozit","moves","/ads/mo/warehouse-moving.html","https://hamal.rent/ads/mo/warehouse-moving.html"
"en","Warehouse moving","moves","/ads/en/warehouse-moving.html","https://hamal.rent/ads/en/warehouse-moving.html"
"ru","Переезд магазина","moves","/ads/ru/shop-moving.html","https://hamal.rent/ads/ru/shop-moving.html"
"ro","Mutare magazin","moves","/ads/ro/shop-moving.html","https://hamal.rent/ads/ro/shop-moving.html"
"mo","Mutare magazin","moves","/ads/mo/shop-moving.html","https://hamal.rent/ads/mo/shop-moving.html"
"en","Shop moving","moves","/ads/en/shop-moving.html","https://hamal.rent/ads/en/shop-moving.html"
"ru","Переезд ресторана и кафе","moves","/ads/ru/restaurant-and-cafe-moving.html","https://hamal.rent/ads/ru/restaurant-and-cafe-moving.html"
"ro","Mutare restaurant și cafenea","moves","/ads/ro/restaurant-and-cafe-moving.html","https://hamal.rent/ads/ro/restaurant-and-cafe-moving.html"
"mo","Mutare restaurant și cafenea","moves","/ads/mo/restaurant-and-cafe-moving.html","https://hamal.rent/ads/mo/restaurant-and-cafe-moving.html"
"en","Restaurant and café moving","moves","/ads/en/restaurant-and-cafe-moving.html","https://hamal.rent/ads/en/restaurant-and-cafe-moving.html"
"ru","Переезд учреждения","moves","/ads/ru/institution-moving.html","https://hamal.rent/ads/ru/institution-moving.html"
"ro","Mutare instituție","moves","/ads/ro/institution-moving.html","https://hamal.rent/ads/ro/institution-moving.html"
"mo","Mutare instituție","moves","/ads/mo/institution-moving.html","https://hamal.rent/ads/mo/institution-moving.html"
"en","Institution moving","moves","/ads/en/institution-moving.html","https://hamal.rent/ads/en/institution-moving.html"
"ru","Переезд архива","moves","/ads/ru/archive-moving.html","https://hamal.rent/ads/ru/archive-moving.html"
"ro","Mutare arhivă","moves","/ads/ro/archive-moving.html","https://hamal.rent/ads/ro/archive-moving.html"
"mo","Mutare arhivă","moves","/ads/mo/archive-moving.html","https://hamal.rent/ads/mo/archive-moving.html"
"en","Archive moving","moves","/ads/en/archive-moving.html","https://hamal.rent/ads/en/archive-moving.html"
"ru","Переезд аптеки","moves","/ads/ru/pharmacy-moving.html","https://hamal.rent/ads/ru/pharmacy-moving.html"
"ro","Mutare farmacie","moves","/ads/ro/pharmacy-moving.html","https://hamal.rent/ads/ro/pharmacy-moving.html"
"mo","Mutare farmacie","moves","/ads/mo/pharmacy-moving.html","https://hamal.rent/ads/mo/pharmacy-moving.html"
"en","Pharmacy moving","moves","/ads/en/pharmacy-moving.html","https://hamal.rent/ads/en/pharmacy-moving.html"
"ru","Переезд фитнес-центра","moves","/ads/ru/fitness-center-moving.html","https://hamal.rent/ads/ru/fitness-center-moving.html"
"ro","Mutare sală de fitness","moves","/ads/ro/fitness-center-moving.html","https://hamal.rent/ads/ro/fitness-center-moving.html"
"mo","Mutare sală de fitness","moves","/ads/mo/fitness-center-moving.html","https://hamal.rent/ads/mo/fitness-center-moving.html"
"en","Fitness center moving","moves","/ads/en/fitness-center-moving.html","https://hamal.rent/ads/en/fitness-center-moving.html"
"ru","Промышленный переезд","moves","/ads/ru/industrial-relocation.html","https://hamal.rent/ads/ru/industrial-relocation.html"
"ro","Relocare industrială","moves","/ads/ro/industrial-relocation.html","https://hamal.rent/ads/ro/industrial-relocation.html"
"mo","Relocare industrială","moves","/ads/mo/industrial-relocation.html","https://hamal.rent/ads/mo/industrial-relocation.html"
"en","Industrial relocation","moves","/ads/en/industrial-relocation.html","https://hamal.rent/ads/en/industrial-relocation.html"
"ru","Переезд в другой город","moves","/ads/ru/intercity-moving.html","https://hamal.rent/ads/ru/intercity-moving.html"
"ro","Mutare în alt oraș","moves","/ads/ro/intercity-moving.html","https://hamal.rent/ads/ro/intercity-moving.html"
"mo","Mutare în alt oraș","moves","/ads/mo/intercity-moving.html","https://hamal.rent/ads/mo/intercity-moving.html"
"en","Intercity moving","moves","/ads/en/intercity-moving.html","https://hamal.rent/ads/en/intercity-moving.html"
"ru","Международный переезд","moves","/ads/ru/international-moving.html","https://hamal.rent/ads/ru/international-moving.html"
"ro","Mutare internațională","moves","/ads/ro/international-moving.html","https://hamal.rent/ads/ro/international-moving.html"
"mo","Mutare internațională","moves","/ads/mo/international-moving.html","https://hamal.rent/ads/mo/international-moving.html"
"en","International moving","moves","/ads/en/international-moving.html","https://hamal.rent/ads/en/international-moving.html"
"ru","Дипломатический переезд","moves","/ads/ru/diplomatic-moving.html","https://hamal.rent/ads/ru/diplomatic-moving.html"
"ro","Mutare diplomatică","moves","/ads/ro/diplomatic-moving.html","https://hamal.rent/ads/ro/diplomatic-moving.html"
"mo","Mutare diplomatică","moves","/ads/mo/diplomatic-moving.html","https://hamal.rent/ads/mo/diplomatic-moving.html"
"en","Diplomatic moving","moves","/ads/en/diplomatic-moving.html","https://hamal.rent/ads/en/diplomatic-moving.html"
"ru","Домашний переезд","moves","/ads/ru/home-moving.html","https://hamal.rent/ads/ru/home-moving.html"
"ro","Mutare locuință","moves","/ads/ro/home-moving.html","https://hamal.rent/ads/ro/home-moving.html"
"mo","Mutare locuință","moves","/ads/mo/home-moving.html","https://hamal.rent/ads/mo/home-moving.html"
"en","Home moving","moves","/ads/en/home-moving.html","https://hamal.rent/ads/en/home-moving.html"
"ru","Машина для переезда","moves","/ads/ru/moving-van.html","https://hamal.rent/ads/ru/moving-van.html"
"ro","Mașină pentru mutare","moves","/ads/ro/moving-van.html","https://hamal.rent/ads/ro/moving-van.html"
"mo","Mașină pentru mutare","moves","/ads/mo/moving-van.html","https://hamal.rent/ads/mo/moving-van.html"
"en","Moving van","moves","/ads/en/moving-van.html","https://hamal.rent/ads/en/moving-van.html"
"ru","Грузоперевозки","transport","/ads/ru/freight-transport.html","https://hamal.rent/ads/ru/freight-transport.html"
"ro","Transport de mărfuri","transport","/ads/ro/freight-transport.html","https://hamal.rent/ads/ro/freight-transport.html"
"mo","Transport de mărfuri","transport","/ads/mo/freight-transport.html","https://hamal.rent/ads/mo/freight-transport.html"
"en","Freight transport","transport","/ads/en/freight-transport.html","https://hamal.rent/ads/en/freight-transport.html"
"ru","Перевозка мебели","transport","/ads/ru/furniture-transport.html","https://hamal.rent/ads/ru/furniture-transport.html"
"ro","Transport mobilă","transport","/ads/ro/furniture-transport.html","https://hamal.rent/ads/ro/furniture-transport.html"
"mo","Transport mobilă","transport","/ads/mo/furniture-transport.html","https://hamal.rent/ads/mo/furniture-transport.html"
"en","Furniture transport","transport","/ads/en/furniture-transport.html","https://hamal.rent/ads/en/furniture-transport.html"
"ru","Перевозка бытовой техники","transport","/ads/ru/appliance-transport.html","https://hamal.rent/ads/ru/appliance-transport.html"
"ro","Transport electrocasnice","transport","/ads/ro/appliance-transport.html","https://hamal.rent/ads/ro/appliance-transport.html"
"mo","Transport electrocasnice","transport","/ads/mo/appliance-transport.html","https://hamal.rent/ads/mo/appliance-transport.html"
"en","Appliance transport","transport","/ads/en/appliance-transport.html","https://hamal.rent/ads/en/appliance-transport.html"
"ru","Перевозка электроники","transport","/ads/ru/electronics-transport.html","https://hamal.rent/ads/ru/electronics-transport.html"
"ro","Transport electronice","transport","/ads/ro/electronics-transport.html","https://hamal.rent/ads/ro/electronics-transport.html"
"mo","Transport electronice","transport","/ads/mo/electronics-transport.html","https://hamal.rent/ads/mo/electronics-transport.html"
"en","Electronics transport","transport","/ads/en/electronics-transport.html","https://hamal.rent/ads/en/electronics-transport.html"
"ru","Перевозка личных вещей","transport","/ads/ru/personal-belongings.html","https://hamal.rent/ads/ru/personal-belongings.html"
"ro","Transport bunuri personale","transport","/ads/ro/personal-belongings.html","https://hamal.rent/ads/ro/personal-belongings.html"
"mo","Transport bunuri personale","transport","/ads/mo/personal-belongings.html","https://hamal.rent/ads/mo/personal-belongings.html"
"en","Personal belongings","transport","/ads/en/personal-belongings.html","https://hamal.rent/ads/en/personal-belongings.html"
"ru","Перевозка велосипеда","transport","/ads/ru/bicycle-transport.html","https://hamal.rent/ads/ru/bicycle-transport.html"
"ro","Transport biciclete","transport","/ads/ro/bicycle-transport.html","https://hamal.rent/ads/ro/bicycle-transport.html"
"mo","Transport biciclete","transport","/ads/mo/bicycle-transport.html","https://hamal.rent/ads/mo/bicycle-transport.html"
"en","Bicycle transport","transport","/ads/en/bicycle-transport.html","https://hamal.rent/ads/en/bicycle-transport.html"
"ru","Перевозка мотоцикла и квадроцикла","transport","/ads/ru/motorcycle-and-atv-transport.html","https://hamal.rent/ads/ru/motorcycle-and-atv-transport.html"
"ro","Transport motociclete și ATV","transport","/ads/ro/motorcycle-and-atv-transport.html","https://hamal.rent/ads/ro/motorcycle-and-atv-transport.html"
"mo","Transport motociclete și ATV","transport","/ads/mo/motorcycle-and-atv-transport.html","https://hamal.rent/ads/mo/motorcycle-and-atv-transport.html"
"en","Motorcycle and ATV transport","transport","/ads/en/motorcycle-and-atv-transport.html","https://hamal.rent/ads/en/motorcycle-and-atv-transport.html"
"ru","Перевозка музыкальных инструментов","transport","/ads/ru/musical-instruments.html","https://hamal.rent/ads/ru/musical-instruments.html"
"ro","Transport instrumente muzicale","transport","/ads/ro/musical-instruments.html","https://hamal.rent/ads/ro/musical-instruments.html"
"mo","Transport instrumente muzicale","transport","/ads/mo/musical-instruments.html","https://hamal.rent/ads/mo/musical-instruments.html"
"en","Musical instruments","transport","/ads/en/musical-instruments.html","https://hamal.rent/ads/en/musical-instruments.html"
"ru","Перевозка растений и деревьев","transport","/ads/ru/plants-and-trees.html","https://hamal.rent/ads/ru/plants-and-trees.html"
"ro","Transport plante și arbori","transport","/ads/ro/plants-and-trees.html","https://hamal.rent/ads/ro/plants-and-trees.html"
"mo","Transport plante și arbori","transport","/ads/mo/plants-and-trees.html","https://hamal.rent/ads/mo/plants-and-trees.html"
"en","Plants and trees","transport","/ads/en/plants-and-trees.html","https://hamal.rent/ads/en/plants-and-trees.html"
"ru","Перевозка сейфов","transport","/ads/ru/safe-transport.html","https://hamal.rent/ads/ru/safe-transport.html"
"ro","Transport seifuri","transport","/ads/ro/safe-transport.html","https://hamal.rent/ads/ro/safe-transport.html"
"mo","Transport seifuri","transport","/ads/mo/safe-transport.html","https://hamal.rent/ads/mo/safe-transport.html"
"en","Safe transport","transport","/ads/en/safe-transport.html","https://hamal.rent/ads/en/safe-transport.html"
"ru","Перевозка стройматериалов","transport","/ads/ru/building-materials.html","https://hamal.rent/ads/ru/building-materials.html"
"ro","Transport materiale de construcții","transport","/ads/ro/building-materials.html","https://hamal.rent/ads/ro/building-materials.html"
"mo","Transport materiale de construcții","transport","/ads/mo/building-materials.html","https://hamal.rent/ads/mo/building-materials.html"
"en","Building materials","transport","/ads/en/building-materials.html","https://hamal.rent/ads/en/building-materials.html"
"ru","Перевозка медицинского оборудования","transport","/ads/ru/medical-equipment.html","https://hamal.rent/ads/ru/medical-equipment.html"
"ro","Transport echipament medical","transport","/ads/ro/medical-equipment.html","https://hamal.rent/ads/ro/medical-equipment.html"
"mo","Transport echipament medical","transport","/ads/mo/medical-equipment.html","https://hamal.rent/ads/mo/medical-equipment.html"
"en","Medical equipment","transport","/ads/en/medical-equipment.html","https://hamal.rent/ads/en/medical-equipment.html"
"ru","Перевозка фитнес-оборудования","transport","/ads/ru/fitness-equipment.html","https://hamal.rent/ads/ru/fitness-equipment.html"
"ro","Transport echipament fitness","transport","/ads/ro/fitness-equipment.html","https://hamal.rent/ads/ro/fitness-equipment.html"
"mo","Transport echipament fitness","transport","/ads/mo/fitness-equipment.html","https://hamal.rent/ads/mo/fitness-equipment.html"
"en","Fitness equipment","transport","/ads/en/fitness-equipment.html","https://hamal.rent/ads/en/fitness-equipment.html"
"ru","Перевозка промышленного оборудования","transport","/ads/ru/industrial-equipment.html","https://hamal.rent/ads/ru/industrial-equipment.html"
"ro","Transport echipament industrial","transport","/ads/ro/industrial-equipment.html","https://hamal.rent/ads/ro/industrial-equipment.html"
"mo","Transport echipament industrial","transport","/ads/mo/industrial-equipment.html","https://hamal.rent/ads/mo/industrial-equipment.html"
"en","Industrial equipment","transport","/ads/en/industrial-equipment.html","https://hamal.rent/ads/en/industrial-equipment.html"
"ru","Перевозка спецтехники","transport","/ads/ru/heavy-machinery-transport.html","https://hamal.rent/ads/ru/heavy-machinery-transport.html"
"ro","Transport utilaje speciale","transport","/ads/ro/heavy-machinery-transport.html","https://hamal.rent/ads/ro/heavy-machinery-transport.html"
"mo","Transport utilaje speciale","transport","/ads/mo/heavy-machinery-transport.html","https://hamal.rent/ads/mo/heavy-machinery-transport.html"
"en","Heavy machinery transport","transport","/ads/en/heavy-machinery-transport.html","https://hamal.rent/ads/en/heavy-machinery-transport.html"
"ru","Доставка стройматериалов","transport","/ads/ru/building-material-delivery.html","https://hamal.rent/ads/ru/building-material-delivery.html"
"ro","Livrare materiale de construcții","transport","/ads/ro/building-material-delivery.html","https://hamal.rent/ads/ro/building-material-delivery.html"
"mo","Livrare materiale de construcții","transport","/ads/mo/building-material-delivery.html","https://hamal.rent/ads/mo/building-material-delivery.html"
"en","Building material delivery","transport","/ads/en/building-material-delivery.html","https://hamal.rent/ads/en/building-material-delivery.html"
"ru","Перевозка установок","transport","/ads/ru/installation-transport.html","https://hamal.rent/ads/ru/installation-transport.html"
"ro","Transport instalații","transport","/ads/ro/installation-transport.html","https://hamal.rent/ads/ro/installation-transport.html"
"mo","Transport instalații","transport","/ads/mo/installation-transport.html","https://hamal.rent/ads/mo/installation-transport.html"
"en","Installation transport","transport","/ads/en/installation-transport.html","https://hamal.rent/ads/en/installation-transport.html"
"ru","Услуги грузчиков","loaders","/ads/ru/movers-and-loaders.html","https://hamal.rent/ads/ru/movers-and-loaders.html"
"ro","Servicii hamali","loaders","/ads/ro/movers-and-loaders.html","https://hamal.rent/ads/ro/movers-and-loaders.html"
"mo","Servicii hamali","loaders","/ads/mo/movers-and-loaders.html","https://hamal.rent/ads/mo/movers-and-loaders.html"
"en","Movers and loaders","loaders","/ads/en/movers-and-loaders.html","https://hamal.rent/ads/en/movers-and-loaders.html"
"ru","Грузчики для переезда","loaders","/ads/ru/movers-for-relocation.html","https://hamal.rent/ads/ru/movers-for-relocation.html"
"ro","Hamali pentru mutare","loaders","/ads/ro/movers-for-relocation.html","https://hamal.rent/ads/ro/movers-for-relocation.html"
"mo","Hamali pentru mutare","loaders","/ads/mo/movers-for-relocation.html","https://hamal.rent/ads/mo/movers-for-relocation.html"
"en","Movers for relocation","loaders","/ads/en/movers-for-relocation.html","https://hamal.rent/ads/en/movers-for-relocation.html"
"ru","Грузчики на склад","loaders","/ads/ru/warehouse-movers.html","https://hamal.rent/ads/ru/warehouse-movers.html"
"ro","Hamali pentru depozit","loaders","/ads/ro/warehouse-movers.html","https://hamal.rent/ads/ro/warehouse-movers.html"
"mo","Hamali pentru depozit","loaders","/ads/mo/warehouse-movers.html","https://hamal.rent/ads/mo/warehouse-movers.html"
"en","Warehouse movers","loaders","/ads/en/warehouse-movers.html","https://hamal.rent/ads/en/warehouse-movers.html"
"ru","Погрузочно-разгрузочные работы","loaders","/ads/ru/loading-and-unloading.html","https://hamal.rent/ads/ru/loading-and-unloading.html"
"ro","Încărcare și descărcare","loaders","/ads/ro/loading-and-unloading.html","https://hamal.rent/ads/ro/loading-and-unloading.html"
"mo","Încărcare și descărcare","loaders","/ads/mo/loading-and-unloading.html","https://hamal.rent/ads/mo/loading-and-unloading.html"
"en","Loading and unloading","loaders","/ads/en/loading-and-unloading.html","https://hamal.rent/ads/en/loading-and-unloading.html"
"ru","Разгрузка фур","loaders","/ads/ru/truck-unloading.html","https://hamal.rent/ads/ru/truck-unloading.html"
"ro","Descărcare camioane","loaders","/ads/ro/truck-unloading.html","https://hamal.rent/ads/ro/truck-unloading.html"
"mo","Descărcare camioane","loaders","/ads/mo/truck-unloading.html","https://hamal.rent/ads/mo/truck-unloading.html"
"en","Truck unloading","loaders","/ads/en/truck-unloading.html","https://hamal.rent/ads/en/truck-unloading.html"
"ru","Такелажные работы","loaders","/ads/ru/rigging-services.html","https://hamal.rent/ads/ru/rigging-services.html"
"ro","Lucrări de manipulare grea","loaders","/ads/ro/rigging-services.html","https://hamal.rent/ads/ro/rigging-services.html"
"mo","Lucrări de manipulare grea","loaders","/ads/mo/rigging-services.html","https://hamal.rent/ads/mo/rigging-services.html"
"en","Rigging services","loaders","/ads/en/rigging-services.html","https://hamal.rent/ads/en/rigging-services.html"
"ru","Подъём мебели на этаж","loaders","/ads/ru/furniture-lifting.html","https://hamal.rent/ads/ru/furniture-lifting.html"
"ro","Ridicare mobilă la etaj","loaders","/ads/ro/furniture-lifting.html","https://hamal.rent/ads/ro/furniture-lifting.html"
"mo","Ridicare mobilă la etaj","loaders","/ads/mo/furniture-lifting.html","https://hamal.rent/ads/mo/furniture-lifting.html"
"en","Furniture lifting","loaders","/ads/en/furniture-lifting.html","https://hamal.rent/ads/en/furniture-lifting.html"
"ru","Подъём стиральной машины","loaders","/ads/ru/washing-machine-lifting.html","https://hamal.rent/ads/ru/washing-machine-lifting.html"
"ro","Ridicare mașină de spălat","loaders","/ads/ro/washing-machine-lifting.html","https://hamal.rent/ads/ro/washing-machine-lifting.html"
"mo","Ridicare mașină de spălat","loaders","/ads/mo/washing-machine-lifting.html","https://hamal.rent/ads/mo/washing-machine-lifting.html"
"en","Washing machine lifting","loaders","/ads/en/washing-machine-lifting.html","https://hamal.rent/ads/en/washing-machine-lifting.html"
"ru","Подъём холодильника","loaders","/ads/ru/refrigerator-lifting.html","https://hamal.rent/ads/ru/refrigerator-lifting.html"
"ro","Ridicare frigider","loaders","/ads/ro/refrigerator-lifting.html","https://hamal.rent/ads/ro/refrigerator-lifting.html"
"mo","Ridicare frigider","loaders","/ads/mo/refrigerator-lifting.html","https://hamal.rent/ads/mo/refrigerator-lifting.html"
"en","Refrigerator lifting","loaders","/ads/en/refrigerator-lifting.html","https://hamal.rent/ads/en/refrigerator-lifting.html"
"ru","Подъём стройматериалов","loaders","/ads/ru/building-material-lifting.html","https://hamal.rent/ads/ru/building-material-lifting.html"
"ro","Ridicare materiale de construcții","loaders","/ads/ro/building-material-lifting.html","https://hamal.rent/ads/ro/building-material-lifting.html"
"mo","Ridicare materiale de construcții","loaders","/ads/mo/building-material-lifting.html","https://hamal.rent/ads/mo/building-material-lifting.html"
"en","Building material lifting","loaders","/ads/en/building-material-lifting.html","https://hamal.rent/ads/en/building-material-lifting.html"
"ru","Подъём пианино","loaders","/ads/ru/piano-lifting.html","https://hamal.rent/ads/ru/piano-lifting.html"
"ro","Ridicare pian","loaders","/ads/ro/piano-lifting.html","https://hamal.rent/ads/ro/piano-lifting.html"
"mo","Ridicare pian","loaders","/ads/mo/piano-lifting.html","https://hamal.rent/ads/mo/piano-lifting.html"
"en","Piano lifting","loaders","/ads/en/piano-lifting.html","https://hamal.rent/ads/en/piano-lifting.html"
"ru","Вывоз мусора","waste","/ads/ru/waste-removal.html","https://hamal.rent/ads/ru/waste-removal.html"
"ro","Evacuarea deșeurilor","waste","/ads/ro/waste-removal.html","https://hamal.rent/ads/ro/waste-removal.html"
"mo","Evacuarea deșeurilor","waste","/ads/mo/waste-removal.html","https://hamal.rent/ads/mo/waste-removal.html"
"en","Waste removal","waste","/ads/en/waste-removal.html","https://hamal.rent/ads/en/waste-removal.html"
"ru","Вывоз строительного мусора","waste","/ads/ru/construction-waste-removal.html","https://hamal.rent/ads/ru/construction-waste-removal.html"
"ro","Evacuare deșeuri din construcții","waste","/ads/ro/construction-waste-removal.html","https://hamal.rent/ads/ro/construction-waste-removal.html"
"mo","Evacuare deșeuri din construcții","waste","/ads/mo/construction-waste-removal.html","https://hamal.rent/ads/mo/construction-waste-removal.html"
"en","Construction waste removal","waste","/ads/en/construction-waste-removal.html","https://hamal.rent/ads/en/construction-waste-removal.html"
"ru","Вывоз мусора после ремонта","waste","/ads/ru/renovation-waste-removal.html","https://hamal.rent/ads/ru/renovation-waste-removal.html"
"ro","Evacuare deșeuri după renovare","waste","/ads/ro/renovation-waste-removal.html","https://hamal.rent/ads/ro/renovation-waste-removal.html"
"mo","Evacuare deșeuri după renovare","waste","/ads/mo/renovation-waste-removal.html","https://hamal.rent/ads/mo/renovation-waste-removal.html"
"en","Renovation waste removal","waste","/ads/en/renovation-waste-removal.html","https://hamal.rent/ads/en/renovation-waste-removal.html"
"ru","Вывоз мусора со стройплощадки","waste","/ads/ru/site-waste-removal.html","https://hamal.rent/ads/ru/site-waste-removal.html"
"ro","Evacuare deșeuri de pe șantier","waste","/ads/ro/site-waste-removal.html","https://hamal.rent/ads/ro/site-waste-removal.html"
"mo","Evacuare deșeuri de pe șantier","waste","/ads/mo/site-waste-removal.html","https://hamal.rent/ads/mo/site-waste-removal.html"
"en","Site waste removal","waste","/ads/en/site-waste-removal.html","https://hamal.rent/ads/en/site-waste-removal.html"
"ru","Вывоз боя бетона","waste","/ads/ru/concrete-rubble-removal.html","https://hamal.rent/ads/ru/concrete-rubble-removal.html"
"ro","Evacuare moloz și beton","waste","/ads/ro/concrete-rubble-removal.html","https://hamal.rent/ads/ro/concrete-rubble-removal.html"
"mo","Evacuare moloz și beton","waste","/ads/mo/concrete-rubble-removal.html","https://hamal.rent/ads/mo/concrete-rubble-removal.html"
"en","Concrete rubble removal","waste","/ads/en/concrete-rubble-removal.html","https://hamal.rent/ads/en/concrete-rubble-removal.html"
"ru","Вывоз старой мебели","waste","/ads/ru/old-furniture-removal.html","https://hamal.rent/ads/ru/old-furniture-removal.html"
"ro","Evacuare mobilă veche","waste","/ads/ro/old-furniture-removal.html","https://hamal.rent/ads/ro/old-furniture-removal.html"
"mo","Evacuare mobilă veche","waste","/ads/mo/old-furniture-removal.html","https://hamal.rent/ads/mo/old-furniture-removal.html"
"en","Old furniture removal","waste","/ads/en/old-furniture-removal.html","https://hamal.rent/ads/en/old-furniture-removal.html"
"ru","Вывоз старой бытовой техники","waste","/ads/ru/old-appliance-removal.html","https://hamal.rent/ads/ru/old-appliance-removal.html"
"ro","Evacuare electrocasnice vechi","waste","/ads/ro/old-appliance-removal.html","https://hamal.rent/ads/ro/old-appliance-removal.html"
"mo","Evacuare electrocasnice vechi","waste","/ads/mo/old-appliance-removal.html","https://hamal.rent/ads/mo/old-appliance-removal.html"
"en","Old appliance removal","waste","/ads/en/old-appliance-removal.html","https://hamal.rent/ads/en/old-appliance-removal.html"
"ru","Вывоз хлама","waste","/ads/ru/junk-removal.html","https://hamal.rent/ads/ru/junk-removal.html"
"ro","Evacuare obiecte inutile","waste","/ads/ro/junk-removal.html","https://hamal.rent/ads/ro/junk-removal.html"
"mo","Evacuare obiecte inutile","waste","/ads/mo/junk-removal.html","https://hamal.rent/ads/mo/junk-removal.html"
"en","Junk removal","waste","/ads/en/junk-removal.html","https://hamal.rent/ads/en/junk-removal.html"
"ru","Вывоз листьев и веток","waste","/ads/ru/garden-waste-removal.html","https://hamal.rent/ads/ru/garden-waste-removal.html"
"ro","Evacuare frunze și crengi","waste","/ads/ro/garden-waste-removal.html","https://hamal.rent/ads/ro/garden-waste-removal.html"
"mo","Evacuare frunze și crengi","waste","/ads/mo/garden-waste-removal.html","https://hamal.rent/ads/mo/garden-waste-removal.html"
"en","Garden waste removal","waste","/ads/en/garden-waste-removal.html","https://hamal.rent/ads/en/garden-waste-removal.html"
"ru","Вывоз мусора с грузчиками","waste","/ads/ru/waste-removal-with-movers.html","https://hamal.rent/ads/ru/waste-removal-with-movers.html"
"ro","Evacuare deșeuri cu hamali","waste","/ads/ro/waste-removal-with-movers.html","https://hamal.rent/ads/ro/waste-removal-with-movers.html"
"mo","Evacuare deșeuri cu hamali","waste","/ads/mo/waste-removal-with-movers.html","https://hamal.rent/ads/mo/waste-removal-with-movers.html"
"en","Waste removal with movers","waste","/ads/en/waste-removal-with-movers.html","https://hamal.rent/ads/en/waste-removal-with-movers.html"
"ru","Аренда контейнера для мусора","waste","/ads/ru/waste-container-rental.html","https://hamal.rent/ads/ru/waste-container-rental.html"
"ro","Închiriere container deșeuri","waste","/ads/ro/waste-container-rental.html","https://hamal.rent/ads/ro/waste-container-rental.html"
"mo","Închiriere container deșeuri","waste","/ads/mo/waste-container-rental.html","https://hamal.rent/ads/mo/waste-container-rental.html"
"en","Waste container rental","waste","/ads/en/waste-container-rental.html","https://hamal.rent/ads/en/waste-container-rental.html"
"ru","Аренда спецтехники","equipment","/ads/ru/equipment-rental.html","https://hamal.rent/ads/ru/equipment-rental.html"
"ro","Închiriere utilaje","equipment","/ads/ro/equipment-rental.html","https://hamal.rent/ads/ro/equipment-rental.html"
"mo","Închiriere utilaje","equipment","/ads/mo/equipment-rental.html","https://hamal.rent/ads/mo/equipment-rental.html"
"en","Equipment rental","equipment","/ads/en/equipment-rental.html","https://hamal.rent/ads/en/equipment-rental.html"
"ru","Гидравлическая тележка ручная","equipment","/ads/ru/manual-pallet-jack.html","https://hamal.rent/ads/ru/manual-pallet-jack.html"
"ro","Transpaletă manuală","equipment","/ads/ro/manual-pallet-jack.html","https://hamal.rent/ads/ro/manual-pallet-jack.html"
"mo","Transpaletă manuală","equipment","/ads/mo/manual-pallet-jack.html","https://hamal.rent/ads/mo/manual-pallet-jack.html"
"en","Manual pallet jack","equipment","/ads/en/manual-pallet-jack.html","https://hamal.rent/ads/en/manual-pallet-jack.html"
"ru","Гидравлическая тележка электрическая","equipment","/ads/ru/electric-pallet-jack.html","https://hamal.rent/ads/ru/electric-pallet-jack.html"
"ro","Transpaletă electrică","equipment","/ads/ro/electric-pallet-jack.html","https://hamal.rent/ads/ro/electric-pallet-jack.html"
"mo","Transpaletă electrică","equipment","/ads/mo/electric-pallet-jack.html","https://hamal.rent/ads/mo/electric-pallet-jack.html"
"en","Electric pallet jack","equipment","/ads/en/electric-pallet-jack.html","https://hamal.rent/ads/en/electric-pallet-jack.html"
"ru","Вилочный погрузчик","equipment","/ads/ru/forklift.html","https://hamal.rent/ads/ru/forklift.html"
"ro","Stivuitor","equipment","/ads/ro/forklift.html","https://hamal.rent/ads/ro/forklift.html"
"mo","Stivuitor","equipment","/ads/mo/forklift.html","https://hamal.rent/ads/mo/forklift.html"
"en","Forklift","equipment","/ads/en/forklift.html","https://hamal.rent/ads/en/forklift.html"
"ru","Электрическая лестничная тележка","equipment","/ads/ru/electric-stair-climber.html","https://hamal.rent/ads/ru/electric-stair-climber.html"
"ro","Cărucior electric pentru scări","equipment","/ads/ro/electric-stair-climber.html","https://hamal.rent/ads/ro/electric-stair-climber.html"
"mo","Cărucior electric pentru scări","equipment","/ads/mo/electric-stair-climber.html","https://hamal.rent/ads/mo/electric-stair-climber.html"
"en","Electric stair climber","equipment","/ads/en/electric-stair-climber.html","https://hamal.rent/ads/en/electric-stair-climber.html"
"ru","Мобильный наружный лифт","equipment","/ads/ru/mobile-external-lift.html","https://hamal.rent/ads/ru/mobile-external-lift.html"
"ro","Lift exterior mobil","equipment","/ads/ro/mobile-external-lift.html","https://hamal.rent/ads/ro/mobile-external-lift.html"
"mo","Lift exterior mobil","equipment","/ads/mo/mobile-external-lift.html","https://hamal.rent/ads/mo/mobile-external-lift.html"
"en","Mobile external lift","equipment","/ads/en/mobile-external-lift.html","https://hamal.rent/ads/en/mobile-external-lift.html"
"ru","Услуги манипулятора","equipment","/ads/ru/crane-truck-services.html","https://hamal.rent/ads/ru/crane-truck-services.html"
"ro","Servicii macara auto","equipment","/ads/ro/crane-truck-services.html","https://hamal.rent/ads/ro/crane-truck-services.html"
"mo","Servicii macara auto","equipment","/ads/mo/crane-truck-services.html","https://hamal.rent/ads/mo/crane-truck-services.html"
"en","Crane truck services","equipment","/ads/en/crane-truck-services.html","https://hamal.rent/ads/en/crane-truck-services.html"
"ru","Трал","equipment","/ads/ru/low-loader-transport.html","https://hamal.rent/ads/ru/low-loader-transport.html"
"ro","Transport cu trailer","equipment","/ads/ro/low-loader-transport.html","https://hamal.rent/ads/ro/low-loader-transport.html"
"mo","Transport cu trailer","equipment","/ads/mo/low-loader-transport.html","https://hamal.rent/ads/mo/low-loader-transport.html"
"en","Low loader transport","equipment","/ads/en/low-loader-transport.html","https://hamal.rent/ads/en/low-loader-transport.html"
"ru","Упаковка вещей","extras","/ads/ru/packing-services.html","https://hamal.rent/ads/ru/packing-services.html"
"ro","Ambalarea bunurilor","extras","/ads/ro/packing-services.html","https://hamal.rent/ads/ro/packing-services.html"
"mo","Ambalarea bunurilor","extras","/ads/mo/packing-services.html","https://hamal.rent/ads/mo/packing-services.html"
"en","Packing services","extras","/ads/en/packing-services.html","https://hamal.rent/ads/en/packing-services.html"
"ru","Упаковка мебели","extras","/ads/ru/furniture-packing.html","https://hamal.rent/ads/ru/furniture-packing.html"
"ro","Ambalare mobilă","extras","/ads/ro/furniture-packing.html","https://hamal.rent/ads/ro/furniture-packing.html"
"mo","Ambalare mobilă","extras","/ads/mo/furniture-packing.html","https://hamal.rent/ads/mo/furniture-packing.html"
"en","Furniture packing","extras","/ads/en/furniture-packing.html","https://hamal.rent/ads/en/furniture-packing.html"
"ru","Упаковка вещей","extras","/ads/ru/belongings-packing.html","https://hamal.rent/ads/ru/belongings-packing.html"
"ro","Ambalare bunuri","extras","/ads/ro/belongings-packing.html","https://hamal.rent/ads/ro/belongings-packing.html"
"mo","Ambalare bunuri","extras","/ads/mo/belongings-packing.html","https://hamal.rent/ads/mo/belongings-packing.html"
"en","Belongings packing","extras","/ads/en/belongings-packing.html","https://hamal.rent/ads/en/belongings-packing.html"
"ru","Коробки и упаковочные материалы","extras","/ads/ru/boxes-and-packing-supplies.html","https://hamal.rent/ads/ru/boxes-and-packing-supplies.html"
"ro","Cutii și materiale de ambalare","extras","/ads/ro/boxes-and-packing-supplies.html","https://hamal.rent/ads/ro/boxes-and-packing-supplies.html"
"mo","Cutii și materiale de ambalare","extras","/ads/mo/boxes-and-packing-supplies.html","https://hamal.rent/ads/mo/boxes-and-packing-supplies.html"
"en","Boxes and packing supplies","extras","/ads/en/boxes-and-packing-supplies.html","https://hamal.rent/ads/en/boxes-and-packing-supplies.html"
"ru","Сборка и разборка мебели","extras","/ads/ru/furniture-assembly-and-disassembly.html","https://hamal.rent/ads/ru/furniture-assembly-and-disassembly.html"
"ro","Montare și demontare mobilă","extras","/ads/ro/furniture-assembly-and-disassembly.html","https://hamal.rent/ads/ro/furniture-assembly-and-disassembly.html"
"mo","Montare și demontare mobilă","extras","/ads/mo/furniture-assembly-and-disassembly.html","https://hamal.rent/ads/mo/furniture-assembly-and-disassembly.html"
"en","Furniture assembly and disassembly","extras","/ads/en/furniture-assembly-and-disassembly.html","https://hamal.rent/ads/en/furniture-assembly-and-disassembly.html"
"ru","Временное хранение вещей","extras","/ads/ru/temporary-storage.html","https://hamal.rent/ads/ru/temporary-storage.html"
"ro","Depozitare temporară","extras","/ads/ro/temporary-storage.html","https://hamal.rent/ads/ro/temporary-storage.html"
"mo","Depozitare temporară","extras","/ads/mo/temporary-storage.html","https://hamal.rent/ads/mo/temporary-storage.html"
"en","Temporary storage","extras","/ads/en/temporary-storage.html","https://hamal.rent/ads/en/temporary-storage.html"
"ru","Демонтажные работы","extras","/ads/ru/dismantling-work.html","https://hamal.rent/ads/ru/dismantling-work.html"
"ro","Lucrări de demolare","extras","/ads/ro/dismantling-work.html","https://hamal.rent/ads/ro/dismantling-work.html"
"mo","Lucrări de demolare","extras","/ads/mo/dismantling-work.html","https://hamal.rent/ads/mo/dismantling-work.html"
"en","Dismantling work","extras","/ads/en/dismantling-work.html","https://hamal.rent/ads/en/dismantling-work.html"
"ru","Уборка территории","extras","/ads/ru/site-cleaning.html","https://hamal.rent/ads/ru/site-cleaning.html"
"ro","Curățarea teritoriului","extras","/ads/ro/site-cleaning.html","https://hamal.rent/ads/ro/site-cleaning.html"
"mo","Curățarea teritoriului","extras","/ads/mo/site-cleaning.html","https://hamal.rent/ads/mo/site-cleaning.html"
"en","Site cleaning","extras","/ads/en/site-cleaning.html","https://hamal.rent/ads/en/site-cleaning.html"
"ru","Сбор и вынос мусора","extras","/ads/ru/waste-collection-and-carrying.html","https://hamal.rent/ads/ru/waste-collection-and-carrying.html"
"ro","Colectare și evacuare deșeuri","extras","/ads/ro/waste-collection-and-carrying.html","https://hamal.rent/ads/ro/waste-collection-and-carrying.html"
"mo","Colectare și evacuare deșeuri","extras","/ads/mo/waste-collection-and-carrying.html","https://hamal.rent/ads/mo/waste-collection-and-carrying.html"
"en","Waste collection and carrying","extras","/ads/en/waste-collection-and-carrying.html","https://hamal.rent/ads/en/waste-collection-and-carrying.html"
"ru","Картонные коробки","extras","/ads/ru/cardboard-boxes.html","https://hamal.rent/ads/ru/cardboard-boxes.html"
"ro","Cutii de carton","extras","/ads/ro/cardboard-boxes.html","https://hamal.rent/ads/ro/cardboard-boxes.html"
"mo","Cutii de carton","extras","/ads/mo/cardboard-boxes.html","https://hamal.rent/ads/mo/cardboard-boxes.html"
"en","Cardboard boxes","extras","/ads/en/cardboard-boxes.html","https://hamal.rent/ads/en/cardboard-boxes.html"
"ru","Мешки и сумки для переезда","extras","/ads/ru/moving-bags-and-sacks.html","https://hamal.rent/ads/ru/moving-bags-and-sacks.html"
"ro","Saci și genți pentru mutare","extras","/ads/ro/moving-bags-and-sacks.html","https://hamal.rent/ads/ro/moving-bags-and-sacks.html"
"mo","Saci și genți pentru mutare","extras","/ads/mo/moving-bags-and-sacks.html","https://hamal.rent/ads/mo/moving-bags-and-sacks.html"
"en","Moving bags and sacks","extras","/ads/en/moving-bags-and-sacks.html","https://hamal.rent/ads/en/moving-bags-and-sacks.html"
"ru","Вакуумные пакеты для одежды","extras","/ads/ru/vacuum-bags-for-clothes.html","https://hamal.rent/ads/ru/vacuum-bags-for-clothes.html"
"ro","Saci vacuum pentru haine","extras","/ads/ro/vacuum-bags-for-clothes.html","https://hamal.rent/ads/ro/vacuum-bags-for-clothes.html"
"mo","Saci vacuum pentru haine","extras","/ads/mo/vacuum-bags-for-clothes.html","https://hamal.rent/ads/mo/vacuum-bags-for-clothes.html"
"en","Vacuum bags for clothes","extras","/ads/en/vacuum-bags-for-clothes.html","https://hamal.rent/ads/en/vacuum-bags-for-clothes.html"
"ru","Клейкая лента","extras","/ads/ru/packing-tape.html","https://hamal.rent/ads/ru/packing-tape.html"
"ro","Bandă adezivă","extras","/ads/ro/packing-tape.html","https://hamal.rent/ads/ro/packing-tape.html"
"mo","Bandă adezivă","extras","/ads/mo/packing-tape.html","https://hamal.rent/ads/mo/packing-tape.html"
"en","Packing tape","extras","/ads/en/packing-tape.html","https://hamal.rent/ads/en/packing-tape.html"
"ru","Стрейч-плёнка","extras","/ads/ru/stretch-wrap.html","https://hamal.rent/ads/ru/stretch-wrap.html"
"ro","Folie stretch","extras","/ads/ro/stretch-wrap.html","https://hamal.rent/ads/ro/stretch-wrap.html"
"mo","Folie stretch","extras","/ads/mo/stretch-wrap.html","https://hamal.rent/ads/mo/stretch-wrap.html"
"en","Stretch wrap","extras","/ads/en/stretch-wrap.html","https://hamal.rent/ads/en/stretch-wrap.html"
"ru","Пузырчатая плёнка","extras","/ads/ru/bubble-wrap.html","https://hamal.rent/ads/ru/bubble-wrap.html"
"ro","Folie cu bule","extras","/ads/ro/bubble-wrap.html","https://hamal.rent/ads/ro/bubble-wrap.html"
"mo","Folie cu bule","extras","/ads/mo/bubble-wrap.html","https://hamal.rent/ads/mo/bubble-wrap.html"
"en","Bubble wrap","extras","/ads/en/bubble-wrap.html","https://hamal.rent/ads/en/bubble-wrap.html"
"ru","Упаковочная бумага","extras","/ads/ru/packing-paper.html","https://hamal.rent/ads/ru/packing-paper.html"
"ro","Hârtie de ambalare","extras","/ads/ro/packing-paper.html","https://hamal.rent/ads/ro/packing-paper.html"
"mo","Hârtie de ambalare","extras","/ads/mo/packing-paper.html","https://hamal.rent/ads/mo/packing-paper.html"
"en","Packing paper","extras","/ads/en/packing-paper.html","https://hamal.rent/ads/en/packing-paper.html"
"ru","Инструменты для упаковки","extras","/ads/ru/packing-tools.html","https://hamal.rent/ads/ru/packing-tools.html"
"ro","Instrumente de ambalare","extras","/ads/ro/packing-tools.html","https://hamal.rent/ads/ro/packing-tools.html"
"mo","Instrumente de ambalare","extras","/ads/mo/packing-tools.html","https://hamal.rent/ads/mo/packing-tools.html"
"en","Packing tools","extras","/ads/en/packing-tools.html","https://hamal.rent/ads/en/packing-tools.html"
